<?xml version="1.0" encoding="UTF-8"?>
<beans xmlns="http://www.springframework.org/schema/beans"
       xmlns:xsi="http://www.w3.org/2001/XMLSchema-instance"
       xmlns:context="http://www.springframework.org/schema/context" xmlns:tx="http://www.springframework.org/schema/tx"
       xmlns:aop="http://www.springframework.org/schema/aop"
       xsi:schemaLocation="http://www.springframework.org/schema/beans http://www.springframework.org/schema/beans/spring-beans.xsd http://www.springframework.org/schema/context https://www.springframework.org/schema/context/spring-context.xsd http://www.springframework.org/schema/tx http://www.springframework.org/schema/tx/spring-tx.xsd http://www.springframework.org/schema/aop https://www.springframework.org/schema/aop/spring-aop.xsd">

    <context:property-placeholder location="classpath:conf/jdbc.properties"/>

    <bean id="dataSource" class="com.alibaba.druid.pool.DruidDataSource"
          init-method="init" destroy-method="close">
        <!--set注入连接数据库信息-->
        <property name="url" value="${jdbc.url}"/>
        <property name="username" value="${jdbc.username}"/>
        <property name="password" value="${jdbc.password}"/>
        <property name="maxActive" value="20"/>
    </bean>

    <!--声明的是mybatis提供的SqlSessionFactoryBean类-->
    <bean id="sqlSessionFactory" class="org.mybatis.spring.SqlSessionFactoryBean">
        <!--set注入，将连接池传给dataSource属性-->
        <property name="dataSource" ref="dataSource"/>
        <!--mybatis主配置文件位置
            configLocation属性是Resource类型，读取配置文件
            它的赋值，使用value指定文件路径，用classpath
        -->
        <property name="configLocation" value="classpath:conf/mybatis.xml"/>
    </bean>

    <!--声明mybatis扫描器,创建dao对象-->
    <bean class="org.mybatis.spring.mapper.MapperScannerConfigurer">
        <!--指定SqlSessionFactory对象的id-->
        <property name="sqlSessionFactoryBeanName" value="sqlSessionFactory"/>
        <property name="basePackage" value="com.dao"/>
    </bean>


    <!--组件扫描器，扫描业务逻辑层-->
    <context:component-scan base-package="com.service"/>

    <!--事务管理器-->
    <bean id="transactionManager" class="org.springframework.jdbc.datasource.DataSourceTransactionManager">
        <property name="dataSource" ref="dataSource" />
    </bean>

    <!--事务切面，tx结尾-->
    <tx:advice id="myadvice" transaction-manager="transactionManager">
        <tx:attributes>
            <!--以XX打头的方法，自己编写-->
            <!--查询的只读-->
            <tx:method name="select*" read-only="true"/>
            <tx:method name="query*" read-only="true"/>
            <!--插入的-->
            <tx:method name="insert*" propagation="REQUIRED"/>
            <tx:method name="add*" propagation="REQUIRED"/>

            <tx:method name="delete*" propagation="REQUIRED"/>
            <tx:method name="remove*" propagation="REQUIRED"/>

            <tx:method name="update*" propagation="REQUIRED"/>
            <tx:method name="modify*" propagation="REQUIRED"/>
            <!--上面扫描之后剩下的处理-->
            <tx:method name="*" propagation="SUPPORTS"/>
        </tx:attributes>
    </tx:advice>

    <!--事务切入点-->
    <aop:config>
        <aop:pointcut id="mypointcut" expression="execution(* com.service..*.*(..))"/>
        <aop:advisor advice-ref="myadvice" pointcut-ref="mypointcut"></aop:advisor>
    </aop:config>
</beans>