<?xml version="1.0" encoding="UTF-8" ?>
<!DOCTYPE configuration
        PUBLIC "-//mybatis.org//DTD Config 3.0//EN"
        "http://mybatis.org/dtd/mybatis-3-config.dtd">
<configuration>

    <!--设置日志-->
    <settings>
        <setting name="logImpl" value="STDOUT_LOGGING"/>
    </settings>

    <!--设置别名 name:实体类所在的包名-->
    <typeAliases>
        <package name="com.entity"/>
    </typeAliases>

    <!--分页插件配置-->
    <plugins>
        <plugin interceptor="com.github.pagehelper.PageInterceptor">
        </plugin>
    </plugins>

</configuration>